topic,month,n,pos,neu,neg,unknown,pos_share_%,neu_share_%,neg_share_%
автокредит,2024-01,33,4,1,27,1,12.1,3.0,81.8
автокредит,2024-02,42,4,1,32,5,9.5,2.4,76.2
автокредит,2024-03,32,1,2,24,5,3.1,6.2,75.0
автокредит,2024-04,31,2,3,22,4,6.5,9.7,71.0
автокредит,2024-05,45,6,1,32,6,13.3,2.2,71.1
автокредит,2024-06,35,2,1,31,1,5.7,2.9,88.6
автокредит,2024-07,37,4,0,27,6,10.8,0.0,73.0
автокредит,2024-08,42,3,0,35,4,7.1,0.0,83.3
автокредит,2024-09,47,3,0,35,9,6.4,0.0,74.5
автокредит,2024-10,64,2,0,58,4,3.1,0.0,90.6
автокредит,2024-11,72,2,2,62,6,2.8,2.8,86.1
автокредит,2024-12,66,2,2,54,8,3.0,3.0,81.8
автокредит,2025-01,29,2,0,25,2,6.9,0.0,86.2
автокредит,2025-02,31,0,1,29,1,0.0,3.2,93.5
автокредит,2025-03,23,4,0,16,3,17.4,0.0,69.6
автокредит,2025-04,26,1,1,22,2,3.8,3.8,84.6
автокредит,2025-05,24,2,1,19,2,8.3,4.2,79.2
банкоматы_сбои,2024-01,79,24,2,41,12,30.4,2.5,51.9
банкоматы_сбои,2024-02,83,26,3,46,8,31.3,3.6,55.4
банкоматы_сбои,2024-03,86,21,0,55,10,24.4,0.0,64.0
банкоматы_сбои,2024-04,73,13,2,49,9,17.8,2.7,67.1
банкоматы_сбои,2024-05,70,14,2,46,8,20.0,2.9,65.7
банкоматы_сбои,2024-06,63,10,1,41,11,15.9,1.6,65.1
банкоматы_сбои,2024-07,73,18,0,43,12,24.7,0.0,58.9
банкоматы_сбои,2024-08,83,7,2,59,15,8.4,2.4,71.1
банкоматы_сбои,2024-09,68,9,1,52,6,13.2,1.5,76.5
банкоматы_сбои,2024-10,83,5,3,63,12,6.0,3.6,75.9
банкоматы_сбои,2024-11,74,7,4,50,13,9.5,5.4,67.6
банкоматы_сбои,2024-12,81,11,3,50,17,13.6,3.7,61.7
банкоматы_сбои,2025-01,41,4,1,27,9,9.8,2.4,65.9
банкоматы_сбои,2025-02,41,8,0,26,7,19.5,0.0,63.4
банкоматы_сбои,2025-03,57,13,2,33,9,22.8,3.5,57.9
банкоматы_сбои,2025-04,52,11,2,26,13,21.2,3.8,50.0
банкоматы_сбои,2025-05,41,12,0,19,10,29.3,0.0,46.3
безопасность_мошенничество,2024-01,24,6,0,9,9,25.0,0.0,37.5
безопасность_мошенничество,2024-02,41,1,0,25,15,2.4,0.0,61.0
безопасность_мошенничество,2024-03,40,2,1,28,9,5.0,2.5,70.0
безопасность_мошенничество,2024-04,54,7,2,24,21,13.0,3.7,44.4
безопасность_мошенничество,2024-05,59,6,0,34,19,10.2,0.0,57.6
безопасность_мошенничество,2024-06,83,7,1,49,26,8.4,1.2,59.0
безопасность_мошенничество,2024-07,90,6,2,55,27,6.7,2.2,61.1
безопасность_мошенничество,2024-08,138,2,2,82,52,1.4,1.4,59.4
безопасность_мошенничество,2024-09,107,3,2,67,35,2.8,1.9,62.6
безопасность_мошенничество,2024-10,104,5,1,78,20,4.8,1.0,75.0
безопасность_мошенничество,2024-11,130,7,4,78,41,5.4,3.1,60.0
безопасность_мошенничество,2024-12,147,2,1,110,34,1.4,0.7,74.8
безопасность_мошенничество,2025-01,118,9,0,79,30,7.6,0.0,66.9
безопасность_мошенничество,2025-02,181,10,2,99,70,5.5,1.1,54.7
безопасность_мошенничество,2025-03,136,8,0,78,50,5.9,0.0,57.4
безопасность_мошенничество,2025-04,117,6,1,68,42,5.1,0.9,58.1
безопасность_мошенничество,2025-05,114,6,4,68,36,5.3,3.5,59.6
бизнес_юрлица,2024-01,17,1,1,9,6,5.9,5.9,52.9
бизнес_юрлица,2024-02,22,1,1,14,6,4.5,4.5,63.6
бизнес_юрлица,2024-03,16,1,0,11,4,6.2,0.0,68.8
бизнес_юрлица,2024-04,31,1,3,23,4,3.2,9.7,74.2
бизнес_юрлица,2024-05,17,3,0,11,3,17.6,0.0,64.7
бизнес_юрлица,2024-06,14,1,0,9,4,7.1,0.0,64.3
бизнес_юрлица,2024-07,24,0,3,18,3,0.0,12.5,75.0
бизнес_юрлица,2024-08,25,1,2,15,7,4.0,8.0,60.0
бизнес_юрлица,2024-09,35,4,2,20,9,11.4,5.7,57.1
бизнес_юрлица,2024-10,35,0,2,27,6,0.0,5.7,77.1
бизнес_юрлица,2024-11,29,0,0,19,10,0.0,0.0,65.5
бизнес_юрлица,2024-12,34,2,1,24,7,5.9,2.9,70.6
бизнес_юрлица,2025-01,22,1,2,11,8,4.5,9.1,50.0
бизнес_юрлица,2025-02,17,0,0,13,4,0.0,0.0,76.5
бизнес_юрлица,2025-03,18,0,1,9,8,0.0,5.6,50.0
бизнес_юрлица,2025-04,19,3,2,10,4,15.8,10.5,52.6
бизнес_юрлица,2025-05,15,0,1,10,4,0.0,6.7,66.7
валюта_переводы,2024-01,16,4,0,7,5,25.0,0.0,43.8
валюта_переводы,2024-02,24,6,0,16,2,25.0,0.0,66.7
валюта_переводы,2024-03,34,5,1,26,2,14.7,2.9,76.5
валюта_переводы,2024-04,30,3,4,20,3,10.0,13.3,66.7
валюта_переводы,2024-05,44,8,2,28,6,18.2,4.5,63.6
валюта_переводы,2024-06,40,4,0,32,4,10.0,0.0,80.0
валюта_переводы,2024-07,39,4,2,27,6,10.3,5.1,69.2
валюта_переводы,2024-08,45,6,1,33,5,13.3,2.2,73.3
валюта_переводы,2024-09,64,6,4,46,8,9.4,6.2,71.9
валюта_переводы,2024-10,47,5,2,32,8,10.6,4.3,68.1
валюта_переводы,2024-11,55,3,2,40,10,5.5,3.6,72.7
валюта_переводы,2024-12,42,5,1,30,6,11.9,2.4,71.4
валюта_переводы,2025-01,21,4,1,15,1,19.0,4.8,71.4
валюта_переводы,2025-02,48,9,1,34,4,18.8,2.1,70.8
валюта_переводы,2025-03,29,9,0,17,3,31.0,0.0,58.6
валюта_переводы,2025-04,30,7,0,22,1,23.3,0.0,73.3
валюта_переводы,2025-05,26,12,1,12,1,46.2,3.8,46.2
дистанционное_обслуживание,2024-01,13,2,1,10,0,15.4,7.7,76.9
дистанционное_обслуживание,2024-02,19,3,0,16,0,15.8,0.0,84.2
дистанционное_обслуживание,2024-03,29,4,2,20,3,13.8,6.9,69.0
дистанционное_обслуживание,2024-04,55,9,0,44,2,16.4,0.0,80.0
дистанционное_обслуживание,2024-05,42,2,1,35,4,4.8,2.4,83.3
дистанционное_обслуживание,2024-06,41,4,2,21,14,9.8,4.9,51.2
дистанционное_обслуживание,2024-07,43,4,1,34,4,9.3,2.3,79.1
дистанционное_обслуживание,2024-08,73,2,0,60,11,2.7,0.0,82.2
дистанционное_обслуживание,2024-09,56,3,3,47,3,5.4,5.4,83.9
дистанционное_обслуживание,2024-10,96,3,2,82,9,3.1,2.1,85.4
дистанционное_обслуживание,2024-11,73,3,0,60,10,4.1,0.0,82.2
дистанционное_обслуживание,2024-12,66,10,6,47,3,15.2,9.1,71.2
дистанционное_обслуживание,2025-01,45,7,1,35,2,15.6,2.2,77.8
дистанционное_обслуживание,2025-02,57,7,2,42,6,12.3,3.5,73.7
дистанционное_обслуживание,2025-03,65,20,1,33,11,30.8,1.5,50.8
дистанционное_обслуживание,2025-04,40,8,0,29,3,20.0,0.0,72.5
дистанционное_обслуживание,2025-05,48,16,2,24,6,33.3,4.2,50.0
зарплатный_проект,2024-01,38,8,0,22,8,21.1,0.0,57.9
зарплатный_проект,2024-02,44,12,1,25,6,27.3,2.3,56.8
зарплатный_проект,2024-03,36,11,0,21,4,30.6,0.0,58.3
зарплатный_проект,2024-04,42,6,2,29,5,14.3,4.8,69.0
зарплатный_проект,2024-05,48,5,2,38,3,10.4,4.2,79.2
зарплатный_проект,2024-06,42,9,1,19,13,21.4,2.4,45.2
зарплатный_проект,2024-07,43,6,2,27,8,14.0,4.7,62.8
зарплатный_проект,2024-08,55,7,1,39,8,12.7,1.8,70.9
зарплатный_проект,2024-09,53,4,0,41,8,7.5,0.0,77.4
зарплатный_проект,2024-10,158,10,1,128,19,6.3,0.6,81.0
зарплатный_проект,2024-11,78,2,3,63,10,2.6,3.8,80.8
зарплатный_проект,2024-12,85,5,6,54,20,5.9,7.1,63.5
зарплатный_проект,2025-01,57,5,3,37,12,8.8,5.3,64.9
зарплатный_проект,2025-02,71,0,1,41,29,0.0,1.4,57.7
зарплатный_проект,2025-03,55,11,0,32,12,20.0,0.0,58.2
зарплатный_проект,2025-04,47,8,1,27,11,17.0,2.1,57.4
зарплатный_проект,2025-05,47,8,1,25,13,17.0,2.1,53.2
идентификация_кик,2024-01,1,1,0,0,0,100.0,0.0,0.0
идентификация_кик,2024-02,6,0,0,4,2,0.0,0.0,66.7
идентификация_кик,2024-03,3,0,0,3,0,0.0,0.0,100.0
идентификация_кик,2024-04,7,2,0,3,2,28.6,0.0,42.9
идентификация_кик,2024-05,8,0,0,8,0,0.0,0.0,100.0
идентификация_кик,2024-06,3,0,0,2,1,0.0,0.0,66.7
идентификация_кик,2024-07,3,0,0,2,1,0.0,0.0,66.7
идентификация_кик,2024-08,5,0,0,4,1,0.0,0.0,80.0
идентификация_кик,2024-09,10,1,0,7,2,10.0,0.0,70.0
идентификация_кик,2024-10,16,1,0,14,1,6.2,0.0,87.5
идентификация_кик,2024-11,5,0,0,4,1,0.0,0.0,80.0
идентификация_кик,2024-12,12,0,1,10,1,0.0,8.3,83.3
идентификация_кик,2025-01,9,0,0,6,3,0.0,0.0,66.7
идентификация_кик,2025-02,11,1,0,9,1,9.1,0.0,81.8
идентификация_кик,2025-03,4,1,0,1,2,25.0,0.0,25.0
идентификация_кик,2025-04,8,0,0,5,3,0.0,0.0,62.5
идентификация_кик,2025-05,3,0,0,2,1,0.0,0.0,66.7
инвестиции_брокер,2024-01,110,28,5,69,8,25.5,4.5,62.7
инвестиции_брокер,2024-02,130,27,8,88,7,20.8,6.2,67.7
инвестиции_брокер,2024-03,214,42,12,145,15,19.6,5.6,67.8
инвестиции_брокер,2024-04,307,39,19,231,18,12.7,6.2,75.2
инвестиции_брокер,2024-05,291,39,11,220,21,13.4,3.8,75.6
инвестиции_брокер,2024-06,267,36,12,195,24,13.5,4.5,73.0
инвестиции_брокер,2024-07,303,33,24,215,31,10.9,7.9,71.0
инвестиции_брокер,2024-08,389,35,18,304,32,9.0,4.6,78.1
инвестиции_брокер,2024-09,361,32,13,289,27,8.9,3.6,80.1
инвестиции_брокер,2024-10,461,41,15,372,33,8.9,3.3,80.7
инвестиции_брокер,2024-11,480,36,21,387,36,7.5,4.4,80.6
инвестиции_брокер,2024-12,434,64,16,325,29,14.7,3.7,74.9
инвестиции_брокер,2025-01,307,39,14,228,26,12.7,4.6,74.3
инвестиции_брокер,2025-02,415,77,9,303,26,18.6,2.2,73.0
инвестиции_брокер,2025-03,327,78,9,218,22,23.9,2.8,66.7
инвестиции_брокер,2025-04,287,48,12,206,21,16.7,4.2,71.8
инвестиции_брокер,2025-05,162,47,3,92,20,29.0,1.9,56.8
ипотека,2024-01,65,23,4,35,3,35.4,6.2,53.8
ипотека,2024-02,78,22,4,48,4,28.2,5.1,61.5
ипотека,2024-03,77,35,1,37,4,45.5,1.3,48.1
ипотека,2024-04,62,12,1,39,10,19.4,1.6,62.9
ипотека,2024-05,58,13,2,40,3,22.4,3.4,69.0
ипотека,2024-06,78,22,5,42,9,28.2,6.4,53.8
ипотека,2024-07,81,14,4,53,10,17.3,4.9,65.4
ипотека,2024-08,108,17,5,77,9,15.7,4.6,71.3
ипотека,2024-09,111,14,6,79,12,12.6,5.4,71.2
ипотека,2024-10,158,17,3,125,13,10.8,1.9,79.1
ипотека,2024-11,107,9,3,84,11,8.4,2.8,78.5
ипотека,2024-12,120,22,6,78,14,18.3,5.0,65.0
ипотека,2025-01,82,16,5,54,7,19.5,6.1,65.9
ипотека,2025-02,104,20,2,69,13,19.2,1.9,66.3
ипотека,2025-03,106,33,2,60,11,31.1,1.9,56.6
ипотека,2025-04,98,31,1,57,9,31.6,1.0,58.2
ипотека,2025-05,97,30,4,45,18,30.9,4.1,46.4
ипс_сбп_картмир,2024-01,45,17,0,24,4,37.8,0.0,53.3
ипс_сбп_картмир,2024-02,45,10,0,33,2,22.2,0.0,73.3
ипс_сбп_картмир,2024-03,64,9,3,48,4,14.1,4.7,75.0
ипс_сбп_картмир,2024-04,73,9,0,56,8,12.3,0.0,76.7
ипс_сбп_картмир,2024-05,85,10,2,68,5,11.8,2.4,80.0
ипс_сбп_картмир,2024-06,75,8,5,50,12,10.7,6.7,66.7
ипс_сбп_картмир,2024-07,96,7,7,70,12,7.3,7.3,72.9
ипс_сбп_картмир,2024-08,134,8,3,102,21,6.0,2.2,76.1
ипс_сбп_картмир,2024-09,135,6,3,114,12,4.4,2.2,84.4
ипс_сбп_картмир,2024-10,116,3,4,96,13,2.6,3.4,82.8
ипс_сбп_картмир,2024-11,105,7,2,86,10,6.7,1.9,81.9
ипс_сбп_картмир,2024-12,108,7,3,83,15,6.5,2.8,76.9
ипс_сбп_картмир,2025-01,94,10,4,68,12,10.6,4.3,72.3
ипс_сбп_картмир,2025-02,83,5,2,59,17,6.0,2.4,71.1
ипс_сбп_картмир,2025-03,64,3,0,49,12,4.7,0.0,76.6
ипс_сбп_картмир,2025-04,53,6,1,35,11,11.3,1.9,66.0
ипс_сбп_картмир,2025-05,78,10,2,49,17,12.8,2.6,62.8
карты_дебет_кредит,2024-01,511,205,11,256,39,40.1,2.2,50.1
карты_дебет_кредит,2024-02,552,182,12,307,51,33.0,2.2,55.6
карты_дебет_кредит,2024-03,639,185,22,386,46,29.0,3.4,60.4
карты_дебет_кредит,2024-04,804,150,38,547,69,18.7,4.7,68.0
карты_дебет_кредит,2024-05,840,148,24,587,81,17.6,2.9,69.9
карты_дебет_кредит,2024-06,820,111,28,594,87,13.5,3.4,72.4
карты_дебет_кредит,2024-07,944,139,48,644,113,14.7,5.1,68.2
карты_дебет_кредит,2024-08,1243,126,38,905,174,10.1,3.1,72.8
карты_дебет_кредит,2024-09,1174,89,43,914,128,7.6,3.7,77.9
карты_дебет_кредит,2024-10,1560,135,49,1216,160,8.7,3.1,77.9
карты_дебет_кредит,2024-11,1378,104,48,1077,149,7.5,3.5,78.2
карты_дебет_кредит,2024-12,1249,168,39,886,156,13.5,3.1,70.9
карты_дебет_кредит,2025-01,948,179,23,623,123,18.9,2.4,65.7
карты_дебет_кредит,2025-02,1114,258,27,685,144,23.2,2.4,61.5
карты_дебет_кредит,2025-03,966,230,31,566,139,23.8,3.2,58.6
карты_дебет_кредит,2025-04,828,187,22,522,97,22.6,2.7,63.0
карты_дебет_кредит,2025-05,654,198,9,352,95,30.3,1.4,53.8
комиссии_тарифы,2024-01,182,72,6,92,12,39.6,3.3,50.5
комиссии_тарифы,2024-02,199,80,3,99,17,40.2,1.5,49.7
комиссии_тарифы,2024-03,274,80,5,170,19,29.2,1.8,62.0
комиссии_тарифы,2024-04,284,62,10,188,24,21.8,3.5,66.2
комиссии_тарифы,2024-05,335,63,10,240,22,18.8,3.0,71.6
комиссии_тарифы,2024-06,320,44,8,231,37,13.8,2.5,72.2
комиссии_тарифы,2024-07,337,78,10,213,36,23.1,3.0,63.2
комиссии_тарифы,2024-08,451,53,12,341,45,11.8,2.7,75.6
комиссии_тарифы,2024-09,461,55,16,350,40,11.9,3.5,75.9
комиссии_тарифы,2024-10,832,81,20,659,72,9.7,2.4,79.2
комиссии_тарифы,2024-11,646,65,15,508,58,10.1,2.3,78.6
комиссии_тарифы,2024-12,495,67,9,373,46,13.5,1.8,75.4
комиссии_тарифы,2025-01,365,70,11,253,31,19.2,3.0,69.3
комиссии_тарифы,2025-02,376,84,14,236,42,22.3,3.7,62.8
комиссии_тарифы,2025-03,381,103,12,227,39,27.0,3.1,59.6
комиссии_тарифы,2025-04,302,64,7,212,19,21.2,2.3,70.2
комиссии_тарифы,2025-05,220,66,3,125,26,30.0,1.4,56.8
мобильное_приложение,2024-01,76,27,3,43,3,35.5,3.9,56.6
мобильное_приложение,2024-02,95,33,1,55,6,34.7,1.1,57.9
мобильное_приложение,2024-03,121,26,7,80,8,21.5,5.8,66.1
мобильное_приложение,2024-04,114,20,4,83,7,17.5,3.5,72.8
мобильное_приложение,2024-05,113,16,6,85,6,14.2,5.3,75.2
мобильное_приложение,2024-06,120,16,5,87,12,13.3,4.2,72.5
мобильное_приложение,2024-07,129,24,7,87,11,18.6,5.4,67.4
мобильное_приложение,2024-08,187,27,8,136,16,14.4,4.3,72.7
мобильное_приложение,2024-09,157,20,5,120,12,12.7,3.2,76.4
мобильное_приложение,2024-10,279,25,6,225,23,9.0,2.2,80.6
мобильное_приложение,2024-11,230,26,8,180,16,11.3,3.5,78.3
мобильное_приложение,2024-12,182,28,6,129,19,15.4,3.3,70.9
мобильное_приложение,2025-01,126,32,3,80,11,25.4,2.4,63.5
мобильное_приложение,2025-02,134,17,4,99,14,12.7,3.0,73.9
мобильное_приложение,2025-03,130,31,6,84,9,23.8,4.6,64.6
мобильное_приложение,2025-04,107,29,3,70,5,27.1,2.8,65.4
мобильное_приложение,2025-05,80,25,0,43,12,31.2,0.0,53.8
отделения_очереди,2024-01,276,84,6,159,27,30.4,2.2,57.6
отделения_очереди,2024-02,330,79,7,202,42,23.9,2.1,61.2
отделения_очереди,2024-03,338,73,11,226,28,21.6,3.3,66.9
отделения_очереди,2024-04,394,69,15,267,43,17.5,3.8,67.8
отделения_очереди,2024-05,478,100,10,327,41,20.9,2.1,68.4
отделения_очереди,2024-06,431,62,16,303,50,14.4,3.7,70.3
отделения_очереди,2024-07,525,105,15,336,69,20.0,2.9,64.0
отделения_очереди,2024-08,708,93,22,478,115,13.1,3.1,67.5
отделения_очереди,2024-09,658,78,11,477,92,11.9,1.7,72.5
отделения_очереди,2024-10,874,131,16,648,79,15.0,1.8,74.1
отделения_очереди,2024-11,779,107,16,560,96,13.7,2.1,71.9
отделения_очереди,2024-12,650,79,22,455,94,12.2,3.4,70.0
отделения_очереди,2025-01,492,85,10,326,71,17.3,2.0,66.3
отделения_очереди,2025-02,575,86,11,375,103,15.0,1.9,65.2
отделения_очереди,2025-03,556,104,12,336,104,18.7,2.2,60.4
отделения_очереди,2025-04,475,94,17,298,66,19.8,3.6,62.7
отделения_очереди,2025-05,380,86,5,224,65,22.6,1.3,58.9
переводы_платежи,2024-01,268,53,7,183,25,19.8,2.6,68.3
переводы_платежи,2024-02,270,49,9,178,34,18.1,3.3,65.9
переводы_платежи,2024-03,306,43,10,222,31,14.1,3.3,72.5
переводы_платежи,2024-04,404,45,17,293,49,11.1,4.2,72.5
переводы_платежи,2024-05,466,57,19,342,48,12.2,4.1,73.4
переводы_платежи,2024-06,472,33,16,360,63,7.0,3.4,76.3
переводы_платежи,2024-07,477,43,20,347,67,9.0,4.2,72.7
переводы_платежи,2024-08,641,25,22,493,101,3.9,3.4,76.9
переводы_платежи,2024-09,660,34,18,525,83,5.2,2.7,79.5
переводы_платежи,2024-10,1192,47,38,986,121,3.9,3.2,82.7
переводы_платежи,2024-11,901,40,23,729,109,4.4,2.6,80.9
переводы_платежи,2024-12,779,47,22,605,105,6.0,2.8,77.7
переводы_платежи,2025-01,545,26,12,425,82,4.8,2.2,78.0
переводы_платежи,2025-02,600,46,12,435,107,7.7,2.0,72.5
переводы_платежи,2025-03,512,49,18,346,99,9.6,3.5,67.6
переводы_платежи,2025-04,433,48,15,309,61,11.1,3.5,71.4
переводы_платежи,2025-05,377,37,7,251,82,9.8,1.9,66.6
поддержка_контакт_центр,2024-01,299,52,7,216,24,17.4,2.3,72.2
поддержка_контакт_центр,2024-02,338,50,9,250,29,14.8,2.7,74.0
поддержка_контакт_центр,2024-03,392,35,16,311,30,8.9,4.1,79.3
поддержка_контакт_центр,2024-04,511,48,23,403,37,9.4,4.5,78.9
поддержка_контакт_центр,2024-05,560,52,19,449,40,9.3,3.4,80.2
поддержка_контакт_центр,2024-06,528,32,18,432,46,6.1,3.4,81.8
поддержка_контакт_центр,2024-07,652,65,27,506,54,10.0,4.1,77.6
поддержка_контакт_центр,2024-08,864,42,32,694,96,4.9,3.7,80.3
поддержка_контакт_центр,2024-09,941,45,28,793,75,4.8,3.0,84.3
поддержка_контакт_центр,2024-10,1483,49,49,1282,103,3.3,3.3,86.4
поддержка_контакт_центр,2024-11,1185,47,39,1008,91,4.0,3.3,85.1
поддержка_контакт_центр,2024-12,931,60,29,756,86,6.4,3.1,81.2
поддержка_контакт_центр,2025-01,675,57,21,532,65,8.4,3.1,78.8
поддержка_контакт_центр,2025-02,734,55,15,566,98,7.5,2.0,77.1
поддержка_контакт_центр,2025-03,612,70,15,452,75,11.4,2.5,73.9
поддержка_контакт_центр,2025-04,505,47,18,401,39,9.3,3.6,79.4
поддержка_контакт_центр,2025-05,391,46,9,280,56,11.8,2.3,71.6
прочее,2024-01,25,17,0,7,1,68.0,0.0,28.0
прочее,2024-02,42,26,1,14,1,61.9,2.4,33.3
прочее,2024-03,41,15,0,18,8,36.6,0.0,43.9
прочее,2024-04,41,19,1,20,1,46.3,2.4,48.8
прочее,2024-05,40,22,0,15,3,55.0,0.0,37.5
прочее,2024-06,31,13,2,13,3,41.9,6.5,41.9
прочее,2024-07,59,27,0,21,11,45.8,0.0,35.6
прочее,2024-08,42,14,1,18,9,33.3,2.4,42.9
прочее,2024-09,46,13,0,25,8,28.3,0.0,54.3
прочее,2024-10,97,25,0,54,18,25.8,0.0,55.7
прочее,2024-11,74,18,2,45,9,24.3,2.7,60.8
прочее,2024-12,69,32,0,29,8,46.4,0.0,42.0
прочее,2025-01,58,37,2,13,6,63.8,3.4,22.4
прочее,2025-02,57,34,0,17,6,59.6,0.0,29.8
прочее,2025-03,43,17,0,19,7,39.5,0.0,44.2
прочее,2025-04,50,18,1,26,5,36.0,2.0,52.0
прочее,2025-05,61,38,2,14,7,62.3,3.3,23.0
суды_претензии,2024-01,66,5,0,49,12,7.6,0.0,74.2
суды_претензии,2024-02,68,2,0,56,10,2.9,0.0,82.4
суды_претензии,2024-03,98,3,3,75,17,3.1,3.1,76.5
суды_претензии,2024-04,111,3,1,79,28,2.7,0.9,71.2
суды_претензии,2024-05,165,7,1,140,17,4.2,0.6,84.8
суды_претензии,2024-06,150,5,6,114,25,3.3,4.0,76.0
суды_претензии,2024-07,190,8,4,144,34,4.2,2.1,75.8
суды_претензии,2024-08,220,6,7,171,36,2.7,3.2,77.7
суды_претензии,2024-09,215,6,10,168,31,2.8,4.7,78.1
суды_претензии,2024-10,440,8,9,376,47,1.8,2.0,85.5
суды_претензии,2024-11,295,7,3,238,47,2.4,1.0,80.7
суды_претензии,2024-12,252,3,9,203,37,1.2,3.6,80.6
суды_претензии,2025-01,180,3,5,144,28,1.7,2.8,80.0
суды_претензии,2025-02,214,4,3,170,37,1.9,1.4,79.4
суды_претензии,2025-03,178,3,3,133,39,1.7,1.7,74.7
суды_претензии,2025-04,140,4,1,109,26,2.9,0.7,77.9
суды_претензии,2025-05,118,2,2,81,33,1.7,1.7,68.6
счета_вклады,2024-01,303,88,10,177,28,29.0,3.3,58.4
счета_вклады,2024-02,312,88,12,179,33,28.2,3.8,57.4
счета_вклады,2024-03,367,98,9,227,33,26.7,2.5,61.9
счета_вклады,2024-04,411,63,17,278,53,15.3,4.1,67.6
счета_вклады,2024-05,445,74,16,307,48,16.6,3.6,69.0
счета_вклады,2024-06,510,73,12,355,70,14.3,2.4,69.6
счета_вклады,2024-07,552,89,17,353,93,16.1,3.1,63.9
счета_вклады,2024-08,719,77,26,505,111,10.7,3.6,70.2
счета_вклады,2024-09,661,67,16,489,89,10.1,2.4,74.0
счета_вклады,2024-10,908,92,31,704,81,10.1,3.4,77.5
счета_вклады,2024-11,786,82,26,595,83,10.4,3.3,75.7
счета_вклады,2024-12,764,94,28,529,113,12.3,3.7,69.2
счета_вклады,2025-01,623,110,11,419,83,17.7,1.8,67.3
счета_вклады,2025-02,713,126,13,457,117,17.7,1.8,64.1
счета_вклады,2025-03,656,158,17,369,112,24.1,2.6,56.2
счета_вклады,2025-04,605,141,16,373,75,23.3,2.6,61.7
счета_вклады,2025-05,506,129,6,282,89,25.5,1.2,55.7
